epoch,step,train_loss,val_loss,test_loss,lr
1,1011,0.1812169930715125,0.16093230758021415,,5.9999999999999995e-05
2,2022,0.14753938399281416,0.13748671177457014,,0.00011999999999999999
3,3033,0.13223409283353327,0.1271721315489208,,0.00017999999999999998
4,4044,0.12647501514346007,0.12374721248299277,,0.00023999999999999998
5,5000,0.12315834726686258,0.12040844587341007,,0.0002967359050445104
5,5055,0.1231368074327085,0.12110311418796617,,0.0003
6,6066,0.12016825161999463,0.1195135010047008,,0.0002996346075389736
7,7077,0.11796625439521694,0.11694637218603986,,0.0002985402103112355
8,8088,0.11654835942804287,0.11581829493915376,,0.0002967221401100708
9,9099,0.11553918823069893,0.11480881963046971,,0.0002941892543907478
10,10000,0.11484277444363435,0.11469461690514786,,0.00029133951534595563
10,10110,0.11477639404748663,0.11416922153049756,,0.0002909538931178862
11,11121,0.1141165875096147,0.11394616399757851,,0.0002870318186463901
12,12132,0.11359115688714734,0.11386101413297958,,0.000282442138928839
13,13143,0.11317092441470906,0.1127282926383445,,0.00027720721442346387
14,14154,0.11275085146412636,0.11245734548868033,,0.0002713525491562421
15,15000,0.11242181079431347,0.11228699225604344,,0.00026599775716539394
15,15165,0.11239360137559541,0.11219552743209388,,0.00026490666646784665
16,16176,0.11207865621154353,0.11177805869204392,,0.00025790097005079764
17,17187,0.11180811456595185,0.11152924472689711,,0.0002503695909538287
18,18198,0.11153971948913449,0.1113872851967596,,0.0002423492212988487
19,19209,0.11135644858877672,0.11133525945274202,,0.00023387893552061199
20,20000,0.11118808564848906,0.11104791189727473,,0.00022696474073541134
20,20220,0.11111733543611303,0.1110350107241695,,0.000225
21,21231,0.11092512311762127,0.1107700081812372,,0.0002157556720183616
22,22242,0.11075571737812138,0.1107128383642295,,0.0002061909890123868
23,23253,0.11058675337619041,0.11059484635901427,,0.0001963525491562421
24,24264,0.11042793753864633,0.11043496262440182,,0.00018628828433995013
25,25000,0.11029947360815562,0.11051445893268623,,0.00017884754744495904
25,25275,0.1102637628684458,0.11022781187274357,,0.00017604722665003956
26,26286,0.11015538198383522,0.11017281879120468,,0.000165679269490148
27,27297,0.11002203773243037,0.11002879444598355,,0.00015523492450537517
28,28308,0.10989895574144552,0.10999421463492418,,0.0001447650754946249
29,29319,0.10979637938685453,0.10988413446021521,,0.000134320730509852
30,30000,0.10962713089677206,0.10985248490270512,,0.00012732546744304897
30,30330,0.10967860026931478,0.1098325793402204,,0.00012395277334996044
31,31341,0.1096031527907016,0.10980594096922182,,0.00011371171566004985
32,32352,0.10950025205667234,0.10972630783411837,,0.0001036474508437579
33,33363,0.109414374231698,0.10966729227852998,,9.380901098761319e-05
34,34374,0.10933839117502549,0.10955939235056636,,8.424432798163836e-05
35,35000,0.1093302337696758,0.10945483303120644,,7.847967091858122e-05
35,35385,0.10926127310289496,0.10942866501166104,,7.500000000000002e-05
36,36396,0.10920386450727938,0.10938765068891765,,6.612106447938799e-05
37,37407,0.10913163162722403,0.10941941513502311,,5.765077870115125e-05
38,38418,0.10906694353397388,0.10930296359460664,,4.963040904617131e-05
39,39429,0.10902367523236983,0.10930515487679256,,4.209902994920235e-05
40,40000,0.10892377598064376,0.10931118596788242,,3.807544533018864e-05
40,40440,0.10896445959995289,0.1092931910580298,,3.509333353215331e-05
41,41451,0.10893448118049096,0.10914885581455869,,2.8647450843757897e-05
42,42462,0.10887094898684792,0.10919498711708342,,2.2792785576536105e-05
43,43473,0.10886763355045133,0.10920318940519408,,1.755786107116095e-05
44,44484,0.10881733995461769,0.10916711999413566,,1.2968181353609852e-05
45,45000,0.10881797576597495,0.10915602083965806,,1.088171639175176e-05
45,45495,0.10880025826908014,0.10914911241653417,,9.046106882113751e-06
46,46506,0.10877731981413233,0.10913636400468625,,5.810745609252165e-06
47,47517,0.10878459347421404,0.10911531420340374,,3.2778598899291465e-06
48,48528,0.10879248760692094,0.1090733841163158,,1.4597896887644456e-06
49,49539,0.10875510936530261,0.10904172596094555,,3.653924610263703e-07
50,50000,0.10873636453050853,0.1091651650712294,,1.0817000374921947e-07
50,50550,0.10875779363412905,0.10905240540905578,,0.0
